name,email,phone
Ms. Buddy Kulas,benito.lesch@gmail.com,(341) 445-9526
Vicente Christiansen,shaun.greenholt@gmail.com,(983) 940-5871
Guadalupe Berge IV,frances.romaguera@gmail.com,(202) 710-1697
Ariel Heidenreich,olin.towne@hotmail.com,(229) 205-3924
Mrs. Ahmad Moore,billi.wunsch@gmail.com,(464) 743-9791
Virgil Bode,jake.waelchi@gmail.com,(274) 248-0140
Mr. Philomena Bogisich,darius.stiedemann@gmail.com,(505) 639-9471
Renaldo Bahringer,chan.kovacek@yahoo.com,(951) 959-7409
Sal Medhurst,billie.roob@yahoo.com,(419) 947-1501
Charity Auer,temple.schiller@yahoo.com,(505) 648-4871
Rikki Rice,buddy.macgyver@hotmail.com,(956) 996-4646
Olivia Pfannerstill,luanna.kertzmann@gmail.com,(346) 853-4089
Cher Jacobs V,ray.konopelski@yahoo.com,(983) 348-3230
Mrs. Hoyt Walker,alberto.hessel@hotmail.com,(352) 961-8045
Bobbie Hayes MD,un.kautzer@yahoo.com,(472) 714-0867
Ashly MacGyver,mickey.boyer@gmail.com,(305) 767-8425
Mr. Tracey Renner,dudley.swaniawski@hotmail.com,(715) 709-1981
Shasta Leffler,marty.aufderhar@yahoo.com,(845) 889-9235
Renaldo Kris,gretta.gerlach@yahoo.com,(305) 593-2024
Elias Feeney Sr.,roman.tromp@gmail.com,(274) 283-5480
Collin Russel,abraham.balistreri@yahoo.com,(472) 885-2672
Ethelene Marks,rudolph.kautzer@gmail.com,(628) 209-8297
Dannie Pagac,wendie.schmidt@gmail.com,(305) 276-5472
Sheilah Bins,malcom.ledner@hotmail.com,(305) 222-4832
Shanel Gleason,nancie.howell@hotmail.com,(728) 496-1704
Charmain Mayer,sharri.kuhlman@yahoo.com,(472) 710-3115
Dollie Dickens,michel.legros@yahoo.com,(978) 222-3982
Jayme Mosciski,lucy.walter@gmail.com,(240) 902-8109
Jacki O'Reilly,audry.gleason@gmail.com,(228) 566-7593
Jackie Considine,samuel.boyer@hotmail.com,(930) 408-6541
Rhea Durgan III,una.harris@yahoo.com,(305) 201-1090
Jody Hoppe,contessa.kunze@hotmail.com,(472) 400-0007
Shalanda Abbott,gerard.howe@hotmail.com,(212) 365-5659
Bert Schuster,samuel.spencer@yahoo.com,(305) 204-5710
Milan Hoppe,mary.wuckert@yahoo.com,(989) 991-7575
Thad Boehm,danny.franecki@gmail.com,(505) 617-5466
Grant Barrows,bernie.vandervort@yahoo.com,(434) 325-1291
Alton Abernathy,matt.orn@yahoo.com,(472) 794-5898
Lucas Mueller,caroyln.pfannerstill@hotmail.com,(305) 204-6164
Dwain McClure Sr.,louie.keebler@yahoo.com,(305) 236-1659
Leola Stiedemann,lyla.gaylord@yahoo.com,(305) 758-6583
Alvin Reilly,maryjo.hagenes@gmail.com,(575) 331-2344
Mario Von,alexander.bergnaum@gmail.com,(860) 657-5287
Mrs. Henriette Klein,gail.stracke@yahoo.com,(830) 562-5380
Terrance Kessler,jacob.langworth@gmail.com,(925) 503-9465
Hal Sawayn,ron.murazik@gmail.com,(305) 295-0456
Darwin O'Hara,jenee.hirthe@yahoo.com,(305) 203-0015
Miss Bobette O'Connell,nancy.nicolas@gmail.com,(983) 300-1423
Harland MacGyver DVM,sydney.medhurst@gmail.com,(305) 230-8714
Miquel Schulist,lester.bailey@hotmail.com,(619) 565-4851
Kristy Larson,linda.ledner@hotmail.com,(520) 288-4953
Landon Bradtke,viviana.beahan@yahoo.com,(843) 643-9168
Janette Crooks,pearly.donnelly@hotmail.com,(202) 886-0858
Paul Treutel,gilbert.tillman@yahoo.com,(983) 477-1459
Rosa Adams,taren.spinka@yahoo.com,(505) 648-8382
Mrs. Branden Kutch,arlie.metz@hotmail.com,(928) 203-6442
Winnie King V,long.hilpert@hotmail.com,(983) 346-4882
Erasmo Tromp Sr.,elvera.hill@yahoo.com,(659) 592-9608
Porter Trantow,ayanna.jenkins@gmail.com,(305) 435-5694
Roosevelt Connelly,floretta.sanford@hotmail.com,(305) 476-6945
Charlie Nitzsche,hans.abernathy@yahoo.com,(983) 232-3865
Eric Beier,lisandra.huel@gmail.com,(235) 664-9461
Mora Purdy,darron.okeefe@hotmail.com,(274) 208-3394
Ione Hettinger Sr.,austin.volkman@hotmail.com,(305) 201-0756
Kerrie Leffler I,rudy.schaden@hotmail.com,(983) 909-4133
Mr. Carroll Konopelski,odessa.howe@gmail.com,(305) 402-5845
Shonna Jones II,percy.kilback@hotmail.com,(956) 412-4424
Brett Keeling,wes.schuster@gmail.com,(274) 286-6787
Leland Mosciski II,jong.upton@gmail.com,(505) 642-5670
Zola Hackett,fidela.bogisich@yahoo.com,(305) 204-3252
Faviola Shanahan,cheree.kuphal@hotmail.com,(562) 547-3677
Ariel Crooks,roosevelt.bailey@gmail.com,(973) 927-7940
Ms. Pamila Johns,cristopher.ankunding@yahoo.com,(505) 644-3298
Bryce Huels,dewitt.rau@hotmail.com,(472) 227-1033
Maira Legros,tosha.nicolas@yahoo.com,(364) 692-9391
Taylor Schoen,nikita.will@gmail.com,(983) 764-7687
Mrs. Latashia Bartell,carlota.wilderman@hotmail.com,(564) 244-0576
Miss Fidel Fritsch,walker.wuckert@yahoo.com,(505) 636-9843
Chris Balistreri,georgie.parker@hotmail.com,(472) 445-6260
Mellissa Lubowitz,ingeborg.gaylord@gmail.com,(505) 435-9126
Joseph Mosciski,tara.ankunding@hotmail.com,(802) 723-4361
Emanuel Skiles,trisha.ward@yahoo.com,(843) 701-0683
Paulita Goyette,alvina.rath@gmail.com,(983) 458-8455
Keenan Thompson,arnold.huel@hotmail.com,(269) 240-2726
Gene Stracke,billie.schaefer@yahoo.com,(424) 714-9832
Tiara Ryan MD,mickey.boyle@gmail.com,(472) 436-0179
Nicolas Schamberger,nakesha.carter@hotmail.com,(505) 648-8932
Mr. Rudolf Veum,basil.bergstrom@hotmail.com,(510) 666-1385
Frankie Wunsch,glenn.ryan@hotmail.com,(806) 816-2052
Kip Keebler V,dee.smitham@gmail.com,(505) 648-0410
Dr. Hipolito Collier,vera.buckridge@gmail.com,(870) 719-2008
Luna Gutmann DVM,voncile.ruecker@gmail.com,(305) 297-6959
Dr. Forest Spinka,chadwick.steuber@hotmail.com,(472) 923-1336
Genevive Green,tamesha.morissette@yahoo.com,(305) 208-0557
Bridgette Ryan,genoveva.kshlerin@yahoo.com,(505) 648-7652
Genia Gaylord,cicely.will@hotmail.com,(305) 204-3624
Leslie Wolf,grazyna.fadel@hotmail.com,(472) 801-3117
Merrill Orn,ricardo.rohan@hotmail.com,(305) 238-6767
Mrs. Tifany Medhurst,mel.boehm@gmail.com,(305) 256-5092
Mr. Jennine Tromp,colin.nikolaus@yahoo.com,(305) 983-3609
Robby Wisoky,sheena.murphy@hotmail.com,(505) 643-6800
Lenard Pagac,joey.mclaughlin@gmail.com,(223) 470-3299
Phylis Hartmann,gayle.yundt@gmail.com,(505) 691-6347
Carl Bruen Sr.,marcellus.lockman@hotmail.com,(472) 738-1157
Leopoldo Ruecker,vada.sanford@yahoo.com,(947) 530-7532
Francisco Stokes,glynda.rowe@gmail.com,(305) 215-4839
Donella Balistreri,may.heaney@yahoo.com,(505) 562-6904
Michale Rice,roxy.wuckert@gmail.com,(901) 815-3753
Kenisha Dicki,cuc.block@yahoo.com,(630) 870-1108
Dr. Jody Wolf,francesco.schneider@gmail.com,(505) 470-7953
Keesha Osinski,ike.goldner@yahoo.com,(586) 232-0180
Juliann Stanton II,tarsha.boehm@yahoo.com,(305) 271-6490
Dante Williamson,kathlene.medhurst@gmail.com,(248) 687-5085
Phoebe Watsica DDS,dionne.beatty@hotmail.com,(650) 736-0922
Chi Dickens III,marlene.feeney@yahoo.com,(305) 252-5165
Celine Deckow Jr.,whitley.purdy@yahoo.com,(305) 875-0032
Mrs. Booker Moore,odell.larkin@hotmail.com,(505) 228-5016
Deena Towne,robin.jacobson@yahoo.com,(305) 254-2546
Ms. Russel Bayer,clifford.franecki@gmail.com,(305) 258-8412
Karlene Pagac,rory.gorczany@hotmail.com,(305) 210-7029
Loura Hintz,kristi.borer@gmail.com,(821) 659-2729
Lynwood Larkin,luis.kulas@yahoo.com,(274) 247-3484
Gilbert Olson,chang.pacocha@gmail.com,(860) 678-7087
Jayna Mitchell,kirby.macejkovic@hotmail.com,(754) 324-8907
Leora Batz,mellissa.dubuque@hotmail.com,(505) 634-3714
Aurore Will,nestor.little@hotmail.com,(430) 785-2858
Marlon Dicki,vada.langosh@hotmail.com,(659) 654-4545
Claudio Murray,calista.schaefer@hotmail.com,(586) 783-5075
Scott Dach IV,elodia.koss@hotmail.com,(305) 201-2497
Gregg Goldner,karma.kuhn@gmail.com,(983) 434-5693
Gayle Wiza,clark.runte@hotmail.com,(305) 917-5735
Tammera Goodwin,felix.simonis@gmail.com,(505) 606-9009
Percy Zulauf MD,hai.hahn@gmail.com,(305) 289-0811
Willia Douglas,isaiah.prohaska@gmail.com,(949) 404-5977
Bo Kozey,kacy.rice@yahoo.com,(347) 460-6720
Chong Anderson,garth.ankunding@yahoo.com,(505) 269-8736
Ruthie Jacobs,leanna.sipes@hotmail.com,(781) 584-4483
Jessie Sipes I,sheree.crooks@yahoo.com,(928) 721-7783
Enriqueta Dicki,alba.lynch@hotmail.com,(820) 581-4324
Dr. Timothy McClure,russel.west@yahoo.com,(305) 223-0409
Dr. Tom Pfeffer,bert.mueller@hotmail.com,(305) 202-6647
Dann Legros,mathew.abernathy@gmail.com,(505) 641-8670
Merna Stokes,micah.brakus@yahoo.com,(305) 937-8443
Miss Brittani Halvorson,franklin.gleason@gmail.com,(505) 678-0545
Mr. Stevie Volkman,demetria.kilback@gmail.com,(305) 492-1035
Bethanie Reichel,kyoko.baumbach@yahoo.com,(472) 725-0857
Valene Wisoky III,jacquie.stokes@hotmail.com,(274) 285-1450
Winston Kautzer MD,rudolph.bahringer@gmail.com,(505) 646-6210
Erwin Renner,pamella.hudson@gmail.com,(505) 412-0471
Rosalinda Braun,venus.spinka@yahoo.com,(505) 678-8624
Mr. Eli Abernathy,drucilla.hauck@hotmail.com,(305) 277-7467
Rima Larson,ian.brekke@hotmail.com,(274) 273-8352
Meredith Murphy Jr.,angel.bernhard@gmail.com,(279) 893-6157
Lindsay Smith,thersa.murazik@gmail.com,(305) 404-9780
Quinn Shields,larue.goodwin@hotmail.com,(472) 418-4411
Tyler Schmitt,eusebio.green@gmail.com,(505) 684-1008
Marc Reilly,kaleigh.borer@yahoo.com,(269) 565-1872
Lani Feeney,racquel.russel@gmail.com,(334) 507-9011
Felicia Ondricka,rene.jast@yahoo.com,(505) 628-8002
Arlyne Anderson,monserrate.beahan@gmail.com,(505) 929-7731
Johnie Gibson V,enrique.schoen@yahoo.com,(505) 667-8493
Miss Darcel Weimann,johnny.erdman@hotmail.com,(678) 526-7598
Gerald Fadel,shon.pagac@hotmail.com,(740) 415-9876
Brad Boyle,clyde.friesen@hotmail.com,(727) 402-5962
Frances Lowe V,august.reichel@gmail.com,(531) 988-5064
Nga Runolfsson,ramona.haag@yahoo.com,(983) 415-8686
Louis Moen DDS,dudley.rice@gmail.com,(472) 213-5262
Nikki Wunsch,rene.satterfield@hotmail.com,(274) 248-8818
Kristle McKenzie Sr.,madeleine.bartoletti@gmail.com,(505) 780-1187
Joette Tremblay V,clinton.hammes@hotmail.com,(305) 253-2412
Roy Rippin,marlin.glover@gmail.com,(983) 702-6501
Norbert Haley DVM,keven.gleichner@gmail.com,(305) 200-7205
Theo Funk,tanika.williamson@hotmail.com,(983) 996-2794
Mrs. Aura Ritchie,wilfred.erdman@yahoo.com,(501) 641-9431
Cletus VonRueden,claretta.reichel@gmail.com,(743) 416-8383
Beaulah Orn,tish.sauer@hotmail.com,(983) 383-8421
Clint Blick,stacy.mertz@hotmail.com,(983) 729-3649
Dudley Torphy,joel.mclaughlin@gmail.com,(505) 617-4281
Deandre Willms,quinn.johnson@gmail.com,(813) 644-0764
Dr. Dalila Morissette,delana.hettinger@gmail.com,(472) 759-9347
Shane Labadie,sonny.schinner@hotmail.com,(505) 656-6865
Rudy Tromp,cecily.pfeffer@gmail.com,(845) 907-6695
Grant Herzog,cherie.stamm@hotmail.com,(534) 518-1282
Kenna Keebler,numbers.zemlak@gmail.com,(505) 610-9088
Maurita Skiles,marhta.braun@gmail.com,(303) 769-3552
Sharlene Langosh,therese.kuhn@hotmail.com,(754) 833-9980
Mr. Nobuko Haag,soledad.dickinson@yahoo.com,(983) 275-3536
Mr. Mitzie Schumm,penelope.wintheiser@hotmail.com,(983) 785-1039
Adell Runolfsson,margart.miller@gmail.com,(305) 205-5436
Maya Von,junior.ward@hotmail.com,(505) 691-2861
Lurlene Reilly,madelaine.borer@hotmail.com,(305) 234-1406
Carley Bayer PhD,adolfo.fritsch@gmail.com,(983) 719-5160
Zula Turner,winston.kshlerin@hotmail.com,(305) 239-7308
Kristan Will,aliza.wisozk@yahoo.com,(872) 311-3805
Phillip Nader,carlota.macgyver@yahoo.com,(563) 871-6622
Jerald Stoltenberg,lulu.kohler@yahoo.com,(971) 625-7951
Karl Witting,carmelita.ziemann@yahoo.com,(832) 212-2961
Darius Schamberger,sherie.ruecker@hotmail.com,(726) 611-2371
Carol Berge,latosha.koch@hotmail.com,(305) 274-6025
Raina Hickle,exie.oconner@hotmail.com,(254) 635-5551
Miss Marilu Waters,orville.keebler@yahoo.com,(983) 410-3941
Devora Erdman Jr.,mandy.hahn@yahoo.com,(305) 659-3848
Lloyd Feest,dean.beahan@hotmail.com,(682) 234-0493
Katharyn Frami,elisha.feeney@hotmail.com,(505) 333-7755
Hugh Simonis,annabell.olson@hotmail.com,(983) 479-4842
Lonny Beier,amalia.baumbach@hotmail.com,(505) 641-2744
Mendy Trantow II,dominique.mante@hotmail.com,(863) 945-2278
Joseph Simonis,lane.gusikowski@hotmail.com,(505) 791-4136
Emmitt Marquardt IV,leo.kunze@gmail.com,(660) 426-8806
Israel Grimes,antwan.weber@yahoo.com,(872) 533-5195
Aldo Volkman,louann.gusikowski@hotmail.com,(305) 203-4288
Chang Hahn V,kallie.jones@hotmail.com,(818) 669-1556
Ezra Langworth,roberta.kozey@yahoo.com,(484) 433-2926
Caleb Purdy,malcolm.welch@yahoo.com,(983) 752-0184
Carroll Doyle DVM,carroll.cruickshank@gmail.com,(361) 410-1378
Leonel Will,filiberto.johnson@hotmail.com,(458) 317-8061
Carleen O'Connell,miguel.pagac@hotmail.com,(983) 245-9292
Mr. Mollie Beatty,jay.boehm@gmail.com,(404) 249-5459
Adrianna Jacobson,cheryl.von@hotmail.com,(305) 271-8057
Dr. Moses Lowe,dawne.bauch@hotmail.com,(305) 206-8968
Lynwood Klein,lashell.marks@yahoo.com,(505) 479-5498
Pat McGlynn,ayako.braun@gmail.com,(505) 648-8935
Wilbur Hamill,emmanuel.hessel@yahoo.com,(505) 616-8016
Dinah Wiza,madelene.torp@yahoo.com,(305) 737-6607
Beau Mohr,amee.dooley@hotmail.com,(305) 201-7811
Mr. Kasie Lesch,lashunda.turcotte@gmail.com,(305) 350-9105
Santos Kuhic Sr.,chana.nikolaus@yahoo.com,(986) 518-6945
Miss Rosalina Terry,marni.medhurst@gmail.com,(505) 641-9732
Cherly Aufderhar,adriana.orn@yahoo.com,(305) 245-3609
Ignacio Rodriguez,jackson.schamberger@yahoo.com,(505) 643-5332
Madie Koelpin,madalyn.haag@yahoo.com,(305) 235-8729
Lashawna D'Amore,freeman.fritsch@yahoo.com,(240) 951-0200
Fredrick Quitzon,marquetta.collins@hotmail.com,(870) 431-8025
Mira Erdman,luke.bosco@hotmail.com,(274) 235-8547
Arlie Kiehn,bradley.wintheiser@gmail.com,(274) 216-5684
Sonia Crona,hannah.terry@hotmail.com,(386) 503-7847
Mrs. Hoyt O'Hara,bibi.funk@yahoo.com,(505) 641-4213
Keith Lockman,emilee.jakubowski@gmail.com,(983) 406-5005
Celina Wehner,jarrett.schuppe@hotmail.com,(952) 366-6310
Mr. Leilani Feeney,deeanna.breitenberg@hotmail.com,(843) 371-0391
Kaycee Dare DDS,duncan.kunze@gmail.com,(305) 203-6409
Deja Howell PhD,yuki.rippin@yahoo.com,(505) 681-5523
Dr. Lilian Kautzer,ernest.predovic@yahoo.com,(305) 291-8026
Myesha D'Amore,rosendo.hill@yahoo.com,(505) 473-1893
Keith Champlin,wes.kovacek@gmail.com,(305) 207-5530
Moira Daugherty PhD,guy.hettinger@yahoo.com,(351) 634-9822
Armando Watsica,jonie.keeling@gmail.com,(505) 653-1680
Omar Auer DDS,reginald.senger@yahoo.com,(505) 659-6699
Micheline Murray DVM,gregg.crooks@yahoo.com,(505) 735-2995
Marshall Wunsch IV,hung.heaney@hotmail.com,(305) 295-1067
Cecil Koepp,carrol.muller@gmail.com,(505) 992-0678
Ms. Daisy Thiel,jordon.conroy@hotmail.com,(505) 621-8896
Esteban Miller,tyron.haley@hotmail.com,(505) 646-7761
Alayna Walsh,numbers.jerde@yahoo.com,(505) 623-0263
Willetta Skiles,darwin.kessler@yahoo.com,(305) 204-8279
Dylan Wiegand,shameka.hane@gmail.com,(505) 598-8975
Darell Cole,giovanni.mcglynn@gmail.com,(983) 494-3341
Victor Simonis,raleigh.mills@yahoo.com,(737) 932-6753
Catrina Mann IV,georgetta.christiansen@hotmail.com,(505) 793-3529
Carole Padberg,blanch.morissette@gmail.com,(763) 922-7218
Dr. Milton Buckridge,alysa.fahey@hotmail.com,(274) 286-8503
Mr. Pennie Adams,bret.paucek@yahoo.com,(323) 946-5229
Virgilio White,rodrick.hyatt@yahoo.com,(472) 757-5083
Lona Pollich,ian.kozey@gmail.com,(505) 926-3220
Curt Ziemann Jr.,andra.hamill@yahoo.com,(472) 401-3075
Tran Trantow,calvin.purdy@gmail.com,(520) 425-2334
Lara Gleason DDS,harlan.sipes@yahoo.com,(305) 200-5407
Floy Borer,elisa.greenfelder@gmail.com,(472) 873-7637
Curtis Jaskolski MD,kennith.effertz@gmail.com,(274) 218-8177
Tawnya Bradtke IV,dwight.paucek@hotmail.com,(865) 692-2159
Miss Lisandra MacGyver,filiberto.beahan@yahoo.com,(305) 236-9284
Thad Dickens V,darrick.bayer@yahoo.com,(704) 429-4192
Delora Weimann DVM,angella.davis@yahoo.com,(337) 231-7565
Julee Abernathy PhD,elvis.greenfelder@gmail.com,(305) 212-4508
Trenton Thiel,cruz.crona@yahoo.com,(305) 354-7031
Dalila Parker,bao.mayert@hotmail.com,(305) 204-9533
Roselyn MacGyver,cyril.ritchie@yahoo.com,(806) 963-7034
Mr. Chong Bogisich,donella.rutherford@hotmail.com,(858) 710-9560
Kayleen Miller Jr.,jae.waters@yahoo.com,(305) 257-9522
Aisha Ullrich,lyndsey.bernhard@hotmail.com,(505) 640-7679
Mr. Marcella Kuhn,stepanie.dickens@yahoo.com,(983) 429-7502
Melanie Greenfelder,alissa.huel@yahoo.com,(305) 206-4437
Mrs. Federico Bradtke,alma.conroy@yahoo.com,(859) 451-5542
Walton Herman,chance.raynor@gmail.com,(239) 726-0949
Dr. Hosea Roob,carlos.kulas@hotmail.com,(582) 487-9839
Mrs. Zachary Little,hanna.herzog@hotmail.com,(984) 696-5340
Lyda McGlynn,kip.olson@hotmail.com,(272) 867-7768
Miss Phyliss McClure,rosemarie.abbott@gmail.com,(983) 433-7611
Laurence Mante Sr.,providencia.wunsch@gmail.com,(505) 958-3921
Cruz Donnelly,leif.wiza@hotmail.com,(274) 236-1129
Mitchel Emmerich,loreen.bogisich@hotmail.com,(505) 644-4139
Dr. Lahoma Veum,jayson.weimann@gmail.com,(505) 644-3858
Jarrod Roberts V,aubrey.marks@yahoo.com,(341) 442-2070
Vance Rempel,rick.casper@gmail.com,(983) 757-1629
Leon Trantow,broderick.farrell@gmail.com,(908) 434-0521
Gayle Padberg,thanh.watsica@gmail.com,(541) 217-9543
Lashaunda Daugherty,carlo.hayes@yahoo.com,(279) 334-1911
Esther Champlin,earnest.abbott@gmail.com,(274) 200-7267
Mrs. Kenton Carter,willie.windler@gmail.com,(505) 656-8437
Greg Feil,juan.windler@hotmail.com,(308) 221-1844
Ramiro Welch,bud.mueller@gmail.com,(715) 807-7463
Sherry Goldner,jerold.miller@yahoo.com,(305) 204-0934
Mr. Wanita Kihn,marion.gutkowski@yahoo.com,(858) 735-7185
Maragret Bogisich MD,dalton.hickle@hotmail.com,(472) 223-4796
Fay Roberts,sammie.wisozk@yahoo.com,(505) 646-4996
Barton Spencer,rhett.stiedemann@gmail.com,(305) 204-4780
Chuck Nitzsche,laree.nader@gmail.com,(505) 682-8787
Doreen Kiehn,noelle.conn@hotmail.com,(305) 522-3410
Dr. Nella Torphy,mae.muller@gmail.com,(274) 255-4474
Jeromy Bergnaum DVM,johnson.glover@hotmail.com,(201) 213-8194
Joanne West,orlando.heaney@hotmail.com,(274) 259-4989
Erasmo Kohler,april.zulauf@gmail.com,(274) 224-2965
Leonard Considine,buster.greenholt@yahoo.com,(305) 268-6674
Kimberly Ortiz,shanice.hayes@gmail.com,(629) 922-3700
Mr. Jeramy Keeling,brad.stracke@gmail.com,(274) 209-6295
Deonna Spencer,kristopher.koss@hotmail.com,(505) 633-8398
Mrs. Kurtis Nolan,porfirio.lehner@gmail.com,(959) 922-6154
Terence Olson DDS,jerald.zboncak@gmail.com,(404) 384-9492
Claudio Wisoky,thi.gaylord@gmail.com,(505) 782-6239
Daniella Barrows III,thad.roberts@gmail.com,(305) 202-1897
Alec Stracke,brittny.bailey@hotmail.com,(505) 658-5463
Evita Brekke,heide.schiller@hotmail.com,(305) 929-8029
Luther Hoppe,ettie.bogan@hotmail.com,(303) 449-9761
Berenice Nader,elicia.kovacek@gmail.com,(305) 202-7070
Dewayne Homenick,federico.champlin@gmail.com,(472) 827-9288
Olevia Goodwin,nettie.schumm@yahoo.com,(305) 619-6117
Gregorio Windler,vincent.frami@yahoo.com,(305) 271-1723
Miss King Corkery,juan.auer@gmail.com,(305) 276-4310
Necole Johns,hae.pfeffer@hotmail.com,(786) 482-7035
Roslyn Kirlin I,pasquale.kerluke@gmail.com,(305) 205-8733
Ms. Bettye Purdy,evan.altenwerth@gmail.com,(472) 937-8820
Hans McLaughlin Sr.,sherise.bednar@hotmail.com,(603) 360-7988
Deb King,robbie.bogisich@yahoo.com,(983) 799-5653
Michiko Borer,eldora.steuber@hotmail.com,(505) 658-8246
Mr. Arlen Glover,bert.steuber@yahoo.com,(983) 977-4615
Tangela Nader,trinh.bradtke@yahoo.com,(305) 206-2356
Dalila Hodkiewicz,jeanene.lockman@hotmail.com,(505) 648-0446
Terrell Conn,jani.russel@gmail.com,(618) 553-4256
Louie Harris,shamika.waelchi@yahoo.com,(305) 208-8916
Dr. Adeline Hickle,marceline.mosciski@yahoo.com,(305) 892-3002
Dr. Cruz Schultz,nicholas.macgyver@hotmail.com,(305) 206-8384
Alec Deckow,pasquale.mckenzie@yahoo.com,(505) 536-2758
Pete Wunsch,gale.fadel@hotmail.com,(730) 435-1568
Thresa Streich,kent.simonis@yahoo.com,(206) 335-3874
Emanuel Goodwin,isa.macgyver@yahoo.com,(234) 828-4449
Jeramy Blanda,tobias.mcglynn@yahoo.com,(274) 278-2517
Elke Hyatt II,ozella.cremin@gmail.com,(728) 642-9148
Mr. Muoi Murazik,shawnee.torp@gmail.com,(505) 640-6779
Michal Rohan,tambra.wolf@gmail.com,(983) 475-4907
Robby Lesch,hal.pacocha@hotmail.com,(305) 558-2086
Debrah Pfannerstill III,cira.gottlieb@hotmail.com,(505) 648-7481
Onie Auer,layla.gorczany@yahoo.com,(712) 367-1247
Mrs. Jacquiline Bosco,donovan.dubuque@gmail.com,(505) 369-9078
Desire Gislason,kraig.abernathy@gmail.com,(274) 293-3269
Teodoro Nicolas,avis.beatty@yahoo.com,(614) 804-3012
Dr. Brent Mayert,lavern.bergstrom@yahoo.com,(903) 812-5588
Vern Balistreri DDS,blanca.ebert@hotmail.com,(505) 646-7442
Catherina Lehner,kathryn.medhurst@gmail.com,(983) 768-4944
Mrs. Mark Hackett,fiona.okon@yahoo.com,(983) 443-3908
Amalia Herzog,fairy.thompson@hotmail.com,(305) 295-3209
Mrs. Garnet Greenfelder,iliana.west@hotmail.com,(305) 384-4114
Neda Schmidt,napoleon.gibson@yahoo.com,(505) 644-7414
Bruce Rohan,frankie.smitham@gmail.com,(505) 643-4121
Ying Cassin,dominick.braun@yahoo.com,(505) 652-3292
Dr. Lee Mraz,magan.cassin@yahoo.com,(220) 596-2983
Ollie Bode,latoyia.hettinger@yahoo.com,(251) 921-7783
Ricky Ritchie,marylynn.kilback@hotmail.com,(775) 318-6091
Caitlyn Pfeffer,lelia.hintz@hotmail.com,(983) 700-0114
Mr. Chong Harris,alonzo.lehner@hotmail.com,(423) 460-7728
Mr. Mariano Hermiston,jacquetta.spinka@hotmail.com,(216) 578-8953
Pam Konopelski,jaimie.zemlak@yahoo.com,(472) 964-4110
Brandee Baumbach,rex.stoltenberg@yahoo.com,(567) 537-2468
Mr. Simon Corkery,tameika.rodriguez@yahoo.com,(435) 734-1478
Tasia Barton,hana.senger@yahoo.com,(305) 251-2259
Britni Hessel,isis.zboncak@hotmail.com,(472) 750-0021
Bernardina Wilderman,tu.lindgren@yahoo.com,(949) 663-4812
Aileen Little,kimberlie.legros@gmail.com,(989) 272-1005
Earlene Robel,jeff.lang@yahoo.com,(364) 400-2959
Zofia Harber,denis.toy@gmail.com,(364) 453-4352
Mrs. Blake Koelpin,forrest.lemke@yahoo.com,(472) 244-8950
Ms. Hung Schaefer,coretta.schimmel@hotmail.com,(505) 605-6023
Latashia Green,sung.pagac@hotmail.com,(505) 648-0506
Shira Bartell PhD,adam.mann@gmail.com,(274) 284-7463
Adelina Williamson,carmela.romaguera@yahoo.com,(878) 230-6317
Mrs. Winifred Morissette,ellis.oreilly@hotmail.com,(458) 833-3519
Erin Lemke,golda.bode@yahoo.com,(305) 265-1404
Mrs. Alexandra Crooks,adolfo.jerde@gmail.com,(505) 667-7863
Emory Kohler,karon.balistreri@yahoo.com,(505) 699-1921
Christie Lebsack PhD,willis.blanda@hotmail.com,(505) 615-8194
Roy Abbott,jocelyn.carter@hotmail.com,(274) 223-1164
Cruz Zulauf,luis.schaefer@gmail.com,(274) 225-0035
Ernest Moen,marisol.macejkovic@hotmail.com,(505) 642-9109
Aimee Armstrong,julieann.prohaska@yahoo.com,(707) 329-8185
Missy Hauck,lanie.kuvalis@hotmail.com,(305) 201-3472
Dione Treutel,katelyn.harris@yahoo.com,(505) 641-4231
Jamison Considine,reta.tromp@hotmail.com,(360) 241-7834
Man Torphy,dexter.ryan@yahoo.com,(505) 608-7382
Ellis Schumm III,chang.rau@gmail.com,(309) 683-6567
Mina Zboncak,ernesto.johnston@yahoo.com,(689) 730-4815
Exie Kilback,rossana.tromp@hotmail.com,(305) 434-6434
Connie Luettgen II,harriet.brekke@gmail.com,(274) 248-0472
Verena Berge,ezequiel.parker@yahoo.com,(305) 248-8509
Carlie Auer,malik.mclaughlin@gmail.com,(980) 608-6192
Armando Schowalter,corene.weissnat@gmail.com,(336) 941-8773
Clifford Haley,travis.predovic@hotmail.com,(505) 644-0256
Miss Kaycee Jacobi,angelo.mueller@hotmail.com,(305) 423-8582
Karry Wunsch III,elbert.lubowitz@hotmail.com,(983) 763-8649
Kenton Aufderhar,tammi.cassin@yahoo.com,(862) 915-3331
Chadwick Hirthe,louis.legros@yahoo.com,(505) 642-1762
Stanton Leffler,cecilia.wehner@yahoo.com,(435) 459-3226
Jani Spencer,vilma.okon@yahoo.com,(347) 278-8445
Alejandro Gerhold,letha.gorczany@yahoo.com,(305) 464-8302
Jerrica Parisian,tamar.dubuque@hotmail.com,(505) 642-1208
Roman Smith,shanita.goyette@gmail.com,(423) 328-1509
Ebonie Nolan,evita.dickens@hotmail.com,(305) 230-2611
Sherill Jaskolski,robbin.nader@yahoo.com,(305) 218-6298
Holley Batz,telma.kunze@hotmail.com,(775) 341-2709
Gus Jenkins IV,rosendo.thiel@yahoo.com,(479) 688-2647
Nydia Hackett,fidel.mckenzie@yahoo.com,(305) 208-9926
Shellie Kunze,elias.strosin@gmail.com,(505) 646-7230
Cordell Rutherford,clark.erdman@yahoo.com,(754) 516-1463
Kiera Champlin,maxie.kris@yahoo.com,(983) 790-9070
Tanya Kertzmann,sherril.skiles@gmail.com,(305) 564-8410
Tamie Hayes DVM,carmelita.stokes@yahoo.com,(351) 273-9705
Nedra Dickens,miquel.block@gmail.com,(274) 282-9885
Mr. Fumiko Stark,salina.mills@yahoo.com,(931) 853-5693
Loyd Lakin,fernando.goyette@yahoo.com,(305) 299-9197
Carson Rice,jeffry.funk@hotmail.com,(870) 828-5981
Mrs. Otha Keeling,len.turner@hotmail.com,(835) 833-9366
Nidia Waters,jolyn.kuphal@hotmail.com,(928) 995-4170
Pearline Prohaska,sydney.stiedemann@yahoo.com,(305) 274-6039
Modesto Gerlach,brice.goyette@gmail.com,(505) 648-2782
Jeremiah Barton,tanesha.weissnat@hotmail.com,(305) 237-7300
See Rogahn,howard.krajcik@yahoo.com,(505) 709-7530
Dr. Agnes Koepp,zenaida.mueller@hotmail.com,(352) 350-6649
Otelia Hamill,tera.schmidt@gmail.com,(472) 902-6030
Mrs. Giovanni Gutmann,lupe.volkman@yahoo.com,(220) 841-7868
Astrid Rodriguez,crystal.gerhold@yahoo.com,(407) 581-7424
Laureen Tillman,logan.feest@yahoo.com,(472) 445-1070
Harry Reichel,hilaria.bode@gmail.com,(330) 678-1532
Cristie Greenholt,zola.leannon@hotmail.com,(983) 743-8357
Jerome Jaskolski,jeffrey.lubowitz@gmail.com,(505) 669-8017
Mrs. Micheal Cole,arlie.lueilwitz@gmail.com,(681) 426-0545
Jessika Paucek PhD,alva.erdman@hotmail.com,(305) 600-1868
Katherina Macejkovic,adelina.smitham@gmail.com,(274) 213-1224
Lessie Hoppe,lauretta.monahan@gmail.com,(505) 640-7006
Mariano Morissette,tiffani.jerde@hotmail.com,(505) 661-1199
Mr. Charles Lakin,joan.mohr@hotmail.com,(757) 409-4535
Georgette Gutkowski,earline.douglas@yahoo.com,(505) 640-3781
Felipe Heathcote DVM,bud.king@hotmail.com,(571) 651-4066
Eli Toy,bud.howell@yahoo.com,(305) 248-0683
Pat Kreiger,geralyn.gutmann@yahoo.com,(505) 642-7531
Bradley Orn,arturo.kessler@hotmail.com,(503) 532-9485
Mr. Gino Kshlerin,ronald.krajcik@hotmail.com,(472) 950-3531
Marvis Zieme,lakeisha.schmitt@yahoo.com,(209) 543-0970
Vincenza Friesen IV,alba.feest@hotmail.com,(983) 325-3053
Caridad Goyette,vito.corkery@hotmail.com,(505) 600-5321
Mr. Carroll Lowe,scottie.kozey@yahoo.com,(227) 319-6088
Eduardo Towne,colton.hauck@gmail.com,(505) 620-3208
Oscar Wyman,malik.donnelly@gmail.com,(305) 417-5978
Tiny Fritsch,walter.herzog@gmail.com,(305) 283-0294
Lenny Turcotte,salvatore.schuppe@gmail.com,(305) 203-8079
Columbus Grady,billye.klocko@yahoo.com,(573) 484-4599
Lizette Lockman Sr.,jacqueline.feeney@hotmail.com,(505) 648-4086
Deloise Volkman,rocco.bernhard@hotmail.com,(983) 969-3178
Lawerence Cummings,van.lockman@gmail.com,(305) 530-6250
Queenie Hoeger,kalyn.farrell@yahoo.com,(305) 985-8926
Lelia Beahan,heriberto.prosacco@gmail.com,(769) 261-5393
Norman Becker,hattie.mertz@gmail.com,(983) 385-1332
Terrell Bernier,stanley.stracke@yahoo.com,(305) 229-5657
Tisa O'Connell IV,cody.metz@yahoo.com,(305) 604-0714
Chuck Hauck I,ross.schuppe@gmail.com,(505) 657-1968
Tomas Hayes V,basil.crona@gmail.com,(239) 851-5530
Gary Rutherford,tess.runte@hotmail.com,(505) 664-7171
Britt Rau,gary.cremin@gmail.com,(505) 641-0015
Hyun Haag DDS,shad.stoltenberg@yahoo.com,(472) 796-7203
Felix Wilderman,clementine.cummings@hotmail.com,(305) 248-7638
Vina Ledner,melvin.beatty@hotmail.com,(305) 267-6022
Emmett O'Reilly DVM,barney.schultz@yahoo.com,(505) 856-3772
Dr. Sherlene Fisher,andre.hackett@hotmail.com,(505) 895-7784
Many Veum,faustino.breitenberg@yahoo.com,(516) 440-0550
Valentine Boehm,dolly.gerhold@gmail.com,(305) 210-9491
Ms. Merle Konopelski,giuseppe.hermiston@yahoo.com,(305) 319-7830
Maria Carter,duncan.dickens@hotmail.com,(505) 646-7773
Domenic Baumbach DVM,larita.corkery@gmail.com,(472) 864-9478
Jean Beier,raymond.luettgen@yahoo.com,(505) 643-3451
Palmer Weissnat Jr.,tyree.parisian@hotmail.com,(505) 678-9360
Mohammed Bernhard,avery.beahan@yahoo.com,(472) 295-6757
Anderson Rutherford PhD,kattie.murazik@hotmail.com,(505) 440-7768
Elton DuBuque,julian.krajcik@yahoo.com,(505) 617-1423
Rubie Turcotte Jr.,lorinda.cummings@hotmail.com,(832) 760-3137
Whitney Funk I,kary.huel@yahoo.com,(505) 642-2510
Jayson Becker,cheryle.robel@yahoo.com,(505) 643-8201
Mae McDermott,tobias.hilpert@hotmail.com,(235) 329-7938
Miss Demetrius Lind,reginia.bartoletti@yahoo.com,(983) 227-5472
Mr. Nicky Kirlin,noelle.franecki@hotmail.com,(505) 648-6274
Tomas Dach,alfonzo.green@hotmail.com,(845) 563-0184
Von Bradtke,janell.klein@yahoo.com,(505) 634-4071
Ivory Veum,jewell.okon@hotmail.com,(472) 747-1077
Freddie Huels,frank.kub@gmail.com,(305) 283-5853
Ashanti Ledner,asha.hauck@yahoo.com,(305) 203-3035
Keith Bahringer,despina.legros@yahoo.com,(505) 711-4082
Ms. Desiree Pfannerstill,giovanni.bauch@yahoo.com,(364) 526-4001
Norine Larson Jr.,frances.bruen@hotmail.com,(305) 263-2240
Colin Auer,nikole.barrows@yahoo.com,(943) 663-0704
Basilia Walker,allene.padberg@gmail.com,(305) 249-5495
Rea Larkin,stormy.wintheiser@hotmail.com,(983) 949-9553
Mercedez Marks,january.okon@gmail.com,(505) 664-0699
Emogene Lockman,glenn.morar@hotmail.com,(305) 201-3977
Mr. Dustin Dickinson,prince.stiedemann@yahoo.com,(472) 490-4747
Mrs. Linwood Bartoletti,edwardo.kuhn@yahoo.com,(305) 307-1911
Shandra Deckow DVM,elli.kunze@hotmail.com,(804) 961-1058
Adrianne Brakus,margeret.goodwin@gmail.com,(274) 227-5652
Tuan Gibson DVM,ernestina.brakus@yahoo.com,(305) 238-0396
Jonathan Carroll,elana.klocko@gmail.com,(505) 681-4945
Kenny Boehm V,clifford.mcdermott@hotmail.com,(903) 924-2049
Ericka Davis,lizzie.quitzon@gmail.com,(505) 643-3582
Geoffrey Kohler,bennett.carter@yahoo.com,(605) 205-4880
Doretha Nienow,carma.blick@hotmail.com,(305) 438-4790
Jan Bednar,marianne.klein@yahoo.com,(305) 206-9670
Christian Ritchie,marinda.oconner@gmail.com,(305) 249-8607
Marva Spencer,erick.hegmann@gmail.com,(743) 848-5917
Bee Quigley,leisha.dach@gmail.com,(505) 644-0596
Erwin Schimmel,darell.walter@hotmail.com,(305) 459-5347
Denae Johnston,richie.rodriguez@gmail.com,(630) 600-0576
Gayle Jacobson,jerald.nikolaus@yahoo.com,(505) 690-2869
Dalton Renner,lorrine.gibson@yahoo.com,(472) 950-3188
Earnest Kirlin,yuonne.volkman@yahoo.com,(305) 245-9229
Gail Dooley,hilario.mayert@gmail.com,(520) 401-8700
Marcelene Smitham,donn.carroll@yahoo.com,(505) 665-4350
Gidget Streich,reggie.steuber@gmail.com,(274) 240-1723
Ms. Josh O'Keefe,ned.gerlach@gmail.com,(505) 589-3976
Frances Beatty DVM,oswaldo.wolff@hotmail.com,(505) 676-3031
Asa Bahringer,eladia.rutherford@gmail.com,(350) 729-5680
Blaine Pfeffer,manuel.abernathy@hotmail.com,(983) 378-6118
Mrs. Otha Schmitt,carma.flatley@gmail.com,(983) 243-2009
Chia Bechtelar,venita.tromp@gmail.com,(740) 968-2079
Eloise Jones V,benny.schmidt@hotmail.com,(305) 240-0856
Numbers Kreiger,pedro.stark@yahoo.com,(305) 259-1229
Mei Raynor,tangela.dubuque@gmail.com,(305) 228-3164
Apolonia Streich V,nell.stiedemann@gmail.com,(505) 648-6031
Tyrell Feil,lyman.graham@gmail.com,(305) 200-0333
Dwayne Kassulke,diego.schneider@yahoo.com,(505) 643-7994
Mr. Rachel Reichel,brett.nader@hotmail.com,(423) 810-5290
Carita Stoltenberg,lashell.botsford@hotmail.com,(305) 238-9441
Omar Farrell,ralph.runolfsson@yahoo.com,(505) 696-8618
Dr. Mauro Gerlach,fabian.wolf@hotmail.com,(305) 589-5829
Nubia Abernathy,porfirio.dibbert@yahoo.com,(505) 584-7177
Jeffery Greenfelder DDS,judi.bayer@hotmail.com,(505) 642-0855
Melita Rogahn,williams.dicki@yahoo.com,(305) 202-4398
Mac Homenick,florencio.bergnaum@hotmail.com,(305) 682-0871
Alesia Lakin,jennette.rempel@gmail.com,(305) 445-2351
Courtney Boehm,deetta.weber@yahoo.com,(585) 656-6702
Debbra Ratke,ashanti.fahey@hotmail.com,(557) 468-7709
Francis Hettinger,rachel.waters@hotmail.com,(505) 246-3044
Lessie Towne V,luvenia.tillman@hotmail.com,(505) 641-6931
Andreas Rau,ethelyn.champlin@gmail.com,(570) 816-1604
Jere Rice,dirk.schimmel@gmail.com,(505) 308-1113
Patrina Paucek,craig.hane@gmail.com,(505) 880-9750
Mrs. Chassidy Swaniawski,jodi.hamill@hotmail.com,(517) 760-7597
Bud Herzog,rodrigo.macejkovic@yahoo.com,(617) 935-6280
Shauna Collins,erik.homenick@hotmail.com,(305) 205-4605
Mr. Ashleigh Ondricka,merlyn.roberts@hotmail.com,(582) 763-5936
Shirleen Little PhD,shannon.ankunding@gmail.com,(801) 325-0069
Maryrose Cole,marcellus.koelpin@yahoo.com,(901) 206-2394
Johnette Purdy,monserrate.mohr@yahoo.com,(305) 217-8099
Mason Balistreri,luther.legros@gmail.com,(983) 287-4639
Marilou Wisoky,jeffrey.reynolds@gmail.com,(274) 288-8474
Miss Doug Rolfson,katharyn.moen@hotmail.com,(505) 641-8526
Donn Roberts,kurtis.king@gmail.com,(904) 727-2981
Miss Augustus Bailey,elias.pfannerstill@gmail.com,(505) 892-6347
Ray Gaylord II,rhett.gerhold@hotmail.com,(872) 875-5126
Dawne Marks,latoyia.muller@hotmail.com,(305) 649-5261
Walker Halvorson PhD,ricardo.haag@yahoo.com,(505) 641-9965
Guadalupe Block,rona.paucek@gmail.com,(678) 260-3821
Miss Nathanial Hettinger,coretta.walsh@hotmail.com,(470) 885-5233
Carlo Dietrich,zita.konopelski@hotmail.com,(983) 949-8192
Kory Keeling,allyson.koss@yahoo.com,(305) 744-4144
Titus Zulauf,thelma.armstrong@hotmail.com,(505) 440-2119
Tina Lebsack,jacalyn.feil@gmail.com,(585) 222-3992
Jerald Weissnat,maddie.ondricka@hotmail.com,(240) 232-3297
Mrs. Reanna Simonis,jacob.herzog@hotmail.com,(305) 706-9565
Margrett Lowe,lamar.bayer@yahoo.com,(305) 203-5911
Lida Brakus DDS,callie.bergstrom@gmail.com,(505) 611-5471
Donny Nader,barabara.schuster@yahoo.com,(479) 490-7634
Leon Rogahn,evie.haag@yahoo.com,(929) 415-6067
Dr. Zachary Stehr,anglea.carroll@yahoo.com,(305) 360-9269
Terrie Ernser,jonna.franecki@hotmail.com,(505) 722-6227
Floyd Hermiston,ambrose.klocko@yahoo.com,(274) 230-5923
Jeanna Nader,clifford.weber@hotmail.com,(840) 664-8993
Mickey VonRueden,vicki.kuvalis@yahoo.com,(505) 646-5890
Willie Vandervort,sheena.williamson@yahoo.com,(305) 323-7297
Pete Connelly,nubia.corkery@hotmail.com,(973) 735-5356
Ruth Pfeffer,karlyn.kuvalis@gmail.com,(305) 207-8430
Brendan Hermann Sr.,sima.fahey@yahoo.com,(305) 206-3467
Ms. Magen Miller,wilmer.harvey@gmail.com,(938) 310-9542
Shu Ebert,gaston.brekke@gmail.com,(274) 276-3393
Hester Von,kyla.lemke@hotmail.com,(240) 451-4790
Richie Cormier,sarina.runte@hotmail.com,(952) 403-4500
Marry Wuckert IV,tera.schinner@gmail.com,(779) 526-8411
Lottie Dibbert,anton.schumm@hotmail.com,(305) 252-6377
Carson Jakubowski,hector.stamm@yahoo.com,(305) 827-5417
Domitila Jones,dorian.herman@hotmail.com,(305) 656-9939
Willette Shields,marla.harris@hotmail.com,(472) 762-5507
Mr. Lucio Legros,carmela.labadie@gmail.com,(305) 873-2425
Guillermina Hoppe,scotty.russel@gmail.com,(262) 605-1172
Joe Fisher Sr.,johnetta.stark@yahoo.com,(989) 592-7012
Mr. Demetrice Powlowski,stacee.king@hotmail.com,(305) 206-3038
Hilton Leuschke,lance.hickle@yahoo.com,(305) 200-9269
Mrs. Jeri Herman,michel.jenkins@hotmail.com,(656) 687-0308
Miss Noah O'Keefe,terrell.wyman@yahoo.com,(505) 216-9990
Normand Schiller,kurt.oconner@yahoo.com,(804) 293-9874
Leon Wolff,darrell.smitham@hotmail.com,(572) 271-3711
Riley Marvin,harold.wisoky@yahoo.com,(472) 274-9169
Shane Stamm,freddie.hamill@yahoo.com,(254) 393-7708
Ms. Anjanette Stanton,wendell.kiehn@hotmail.com,(586) 514-9541
Brittani Thompson,myrl.towne@yahoo.com,(931) 825-3683
Prince Gerhold,cary.auer@gmail.com,(505) 646-7673
Rayford Bogisich,mckinley.crist@yahoo.com,(305) 205-3158
Gracie Gutmann,damian.berge@yahoo.com,(505) 672-3589
Britany Hickle,soraya.oconner@yahoo.com,(305) 457-4201
Matthew Champlin,adelia.damore@hotmail.com,(983) 317-0189
Dr. Rhett Bahringer,barton.muller@yahoo.com,(904) 557-7384
Terence Ratke,sung.swift@hotmail.com,(505) 643-1614
Gabriel Schmidt,mauricio.thiel@hotmail.com,(305) 365-9079
Robby Upton,elnora.abshire@yahoo.com,(848) 324-0304
Carlton Rohan,june.blick@yahoo.com,(983) 264-9996
Sergio Champlin Sr.,dominique.hartmann@gmail.com,(983) 751-3477
Kristin Nienow,chi.feeney@gmail.com,(945) 671-6327
An Pollich,virgilio.bechtelar@gmail.com,(854) 709-1514
Abe Mills DVM,nereida.cummings@yahoo.com,(505) 249-2415
Dr. Chung Lind,thomasine.walsh@gmail.com,(760) 826-7894
Ja Lubowitz Sr.,windy.gislason@gmail.com,(323) 614-2217
Verona Prosacco,tom.morar@yahoo.com,(983) 909-1646
Mr. Nathanial Corkery,kristina.schneider@hotmail.com,(505) 616-0556
Lucius Runolfsdottir,gretta.bins@hotmail.com,(854) 838-0834
Lee Brown,tawana.lesch@hotmail.com,(669) 214-6489
Doyle Price V,wilmer.weimann@gmail.com,(305) 266-4691
Bibi Waters,arron.weissnat@yahoo.com,(659) 905-3493
Ninfa Herman V,jc.smith@hotmail.com,(505) 641-3605
Yevette Lehner,emanuel.hintz@gmail.com,(956) 708-0148
Ahmed Zulauf,aron.labadie@hotmail.com,(254) 476-4825
Lean Littel,creola.kerluke@yahoo.com,(505) 643-1163
Amparo Wilkinson,kirsten.bahringer@hotmail.com,(305) 208-5428
Jerrod Ferry,luis.gleason@yahoo.com,(305) 276-8706
Mrs. Michaela Crist,leonel.koss@hotmail.com,(472) 908-5805
Brooks Reichert,sherwood.christiansen@gmail.com,(472) 255-1959
Bryanna Buckridge,loise.goyette@hotmail.com,(540) 964-3628
Miss Kristofer Stanton,santo.von@yahoo.com,(305) 202-3668
Loriann Kshlerin,tod.kessler@hotmail.com,(305) 232-7036
Antonio Macejkovic III,mimi.mraz@hotmail.com,(983) 944-5964
Mr. Armand Prosacco,ike.kuvalis@hotmail.com,(305) 208-0919
Joshua Murazik,laree.konopelski@gmail.com,(472) 737-7579
Lien Price,williams.buckridge@gmail.com,(305) 208-3256
Noelle Mann,benjamin.yundt@yahoo.com,(301) 742-8417
Santiago Bergnaum III,bret.price@yahoo.com,(505) 684-5762
Josefina Hand,jerrie.gislason@hotmail.com,(472) 840-4408
Guadalupe Rice,elenor.howell@hotmail.com,(608) 729-7656
Alejandro Jacobson,barney.langworth@gmail.com,(302) 473-4497
Tracy Price,thomasena.osinski@gmail.com,(859) 437-0576
Despina Kuhlman,nick.batz@gmail.com,(248) 520-3310
Lillie Fritsch,zina.cronin@yahoo.com,(505) 851-7851
Gail Hagenes I,mitchel.mckenzie@yahoo.com,(985) 627-7467
Miss Hyun Mayer,ike.murazik@hotmail.com,(274) 253-3442
Mrs. Jesusita Schumm,lawrence.cartwright@yahoo.com,(704) 322-6268
Su Predovic,blair.kling@hotmail.com,(505) 643-5678
David Kris,felipe.davis@yahoo.com,(305) 201-6218
Miss Noble Johns,elisha.wehner@hotmail.com,(505) 200-2023
Mr. Brady Huel,kaleigh.legros@hotmail.com,(505) 246-1263
Dr. Celesta Koelpin,telma.wiza@yahoo.com,(517) 381-1693
Brock Sawayn,brock.trantow@hotmail.com,(865) 857-2498
Richie Rice,leonora.shanahan@yahoo.com,(505) 648-8785
Leonia Hackett,antione.mills@gmail.com,(274) 250-1960
Jackelyn Bergstrom,colin.rosenbaum@gmail.com,(983) 243-1588
Jame Rolfson,lamont.mertz@yahoo.com,(505) 646-0056
Denita Skiles,gennie.satterfield@yahoo.com,(305) 202-0332
Miss Lynnette Legros,carrol.becker@yahoo.com,(983) 481-3280
Artie Nienow,gwyn.wilderman@gmail.com,(305) 296-9738
Dusty Toy,norris.willms@hotmail.com,(305) 852-0724
Latonia Schroeder,mable.konopelski@yahoo.com,(505) 642-7115
Isaac Abshire,clementine.murazik@yahoo.com,(305) 265-7325
Jimmie Hermiston,kerstin.cronin@gmail.com,(505) 619-5388
Miquel O'Conner MD,charmaine.baumbach@yahoo.com,(541) 749-3877
Faustino Deckow,marcellus.wilkinson@gmail.com,(401) 608-7330
Jamaal Corwin,leticia.hoppe@gmail.com,(213) 652-1403
Nila Wintheiser,jacalyn.larkin@hotmail.com,(274) 202-9487
Earle Padberg V,jacob.bednar@gmail.com,(629) 989-6294
Buddy Gleichner,marg.witting@yahoo.com,(540) 853-1768
Edith Carroll,season.hackett@hotmail.com,(505) 648-4748
Doyle Gulgowski,modesta.gislason@hotmail.com,(305) 288-1753
Rachal Emard,marvis.bogisich@yahoo.com,(472) 259-2561
Veronique Bergstrom,evelina.moen@hotmail.com,(660) 902-6443
Miss Candida Torp,leta.glover@yahoo.com,(505) 660-6908
Lonnie Homenick,savanna.lockman@yahoo.com,(505) 668-7202
Gema Crist,gail.macejkovic@yahoo.com,(326) 211-5639
Peg Collier,suzann.botsford@hotmail.com,(240) 910-0902
Santo Fritsch,un.mitchell@yahoo.com,(582) 532-6173
Leonardo Wunsch,thomas.cruickshank@yahoo.com,(305) 852-0966
Lawrence Windler,hugh.mcglynn@yahoo.com,(505) 823-8430
Mrs. Ramiro Schaefer,christian.veum@yahoo.com,(730) 467-2695
Ozzie Rice PhD,devon.beahan@gmail.com,(360) 915-9157
Marvel Cruickshank,myron.mclaughlin@hotmail.com,(934) 255-2057
Chantal Dibbert DVM,rickey.hane@hotmail.com,(305) 263-6158
Ivonne Collier Jr.,owen.schaefer@hotmail.com,(305) 790-6803
Miguel Bruen,kory.huels@hotmail.com,(737) 884-2770
Charley Nikolaus,landon.lebsack@gmail.com,(928) 485-9325
Brian Wunsch MD,whitney.weissnat@yahoo.com,(219) 527-4468
Krishna Mills Sr.,devin.hahn@gmail.com,(983) 464-6608
Sondra Jenkins,meghan.keebler@hotmail.com,(505) 684-2079
Mr. Geraldo Turcotte,nena.reinger@gmail.com,(505) 369-7737
Krista Schowalter,zelda.schroeder@gmail.com,(737) 900-1879
Marcos Kiehn,michael.fahey@gmail.com,(329) 277-9964
Keeley MacGyver,alphonso.armstrong@hotmail.com,(505) 290-8305
Jin Vandervort PhD,elmer.cummings@gmail.com,(505) 324-0490
Carmelina Kshlerin,tereasa.armstrong@yahoo.com,(231) 258-5305
Janyce Rath DVM,joelle.fay@yahoo.com,(274) 254-6005
Rico Torp,casey.gorczany@hotmail.com,(458) 842-4818
Irving Breitenberg PhD,tanner.osinski@gmail.com,(534) 338-0201
Aubrey Gusikowski,luke.weber@gmail.com,(505) 641-8672
Winford Okuneva,jammie.lehner@yahoo.com,(305) 201-0055
Agustin Witting MD,darleen.feil@gmail.com,(472) 421-9271
Kasey Stamm,suzy.schiller@yahoo.com,(305) 207-7000
Zack Goldner,rosina.beer@hotmail.com,(983) 868-9872
Lissa Klocko,coy.hayes@hotmail.com,(505) 673-7467
Devon Stokes,shayne.rice@gmail.com,(305) 260-0231
Chase Ward,laureen.doyle@hotmail.com,(305) 205-8674
Elaina Ullrich,myong.friesen@yahoo.com,(274) 215-2750
Rae Bruen II,tess.green@gmail.com,(305) 563-5995
Melisa Denesik,patricia.bayer@gmail.com,(305) 203-0845
Madge Wiza,casandra.hirthe@hotmail.com,(419) 584-0735
Kum Rodriguez,tyree.white@yahoo.com,(505) 453-1917
Laureen Stroman MD,bari.cronin@gmail.com,(945) 384-2965
Cecile Hartmann,megan.blanda@hotmail.com,(235) 979-4324
Quinn Kuphal,peter.harvey@gmail.com,(983) 991-3134
Adaline Murazik DVM,harley.turcotte@hotmail.com,(305) 206-5367
Steffanie Larkin,dinorah.ruecker@gmail.com,(240) 294-0506
Tommie Hilpert,carey.bosco@gmail.com,(931) 455-7506
Mrs. Kourtney Bayer,jeniffer.roob@gmail.com,(305) 240-5997
Delena Ferry,anibal.fadel@gmail.com,(305) 227-6615
Tom Torp,lou.walsh@hotmail.com,(505) 642-7575
Bryon Jacobson,sharika.kris@hotmail.com,(305) 200-5172
Thalia Beatty,solomon.schowalter@gmail.com,(505) 640-1289
Rudolf Ankunding,nickole.kshlerin@yahoo.com,(505) 603-5899
Geraldo Murazik PhD,ardith.nienow@yahoo.com,(472) 770-0040
Roland Gorczany,olga.ankunding@hotmail.com,(657) 299-3318
Greta Gaylord,hunter.beatty@hotmail.com,(240) 369-7348
Monserrate MacGyver,jake.sporer@gmail.com,(472) 426-6982
Kirk Gutmann II,isaac.wiza@hotmail.com,(983) 331-5794
Miss Laverna Witting,vincenzo.herman@gmail.com,(505) 640-6202
Marion Wolff,lissette.weimann@gmail.com,(305) 296-1176
Jonah Grimes,robin.hintz@hotmail.com,(505) 499-2978
Epifania Ferry,leann.ernser@yahoo.com,(983) 929-9163
Octavio Kutch,verla.bergstrom@yahoo.com,(669) 911-5969
Miss Earle Brakus,curt.schmeler@hotmail.com,(505) 640-3181
Mr. Renaldo Barton,reynaldo.langosh@yahoo.com,(484) 668-5620
Wilber Pacocha,inell.ernser@yahoo.com,(203) 417-8672
Ms. Alva Ferry,danyel.littel@hotmail.com,(714) 561-4274
Avelina Parisian,valarie.boehm@gmail.com,(408) 305-6700
Kelli Keebler,brandi.tillman@gmail.com,(276) 664-4716
Ivy Langworth III,carter.considine@gmail.com,(274) 252-1434
Nevada Dach,kirk.ziemann@yahoo.com,(908) 378-8880
Samuel Streich,wilford.maggio@yahoo.com,(472) 273-4049
Stefanie Schaefer,arlie.douglas@gmail.com,(559) 631-8203
Taneka D'Amore,elyse.kunde@yahoo.com,(274) 232-0016
Abe Bernier II,brooks.vandervort@hotmail.com,(305) 206-8034
Caprice Farrell,tai.kovacek@hotmail.com,(274) 269-4776
Nicky Balistreri,murray.jacobi@yahoo.com,(305) 285-3146
Katheryn Glover PhD,leandro.waelchi@hotmail.com,(505) 606-3356
Shaun Pollich,janette.rodriguez@yahoo.com,(575) 655-7057
Dr. Waneta Crist,thi.bednar@hotmail.com,(878) 780-5413
Nila Ondricka,linda.sauer@yahoo.com,(305) 200-8167
Jacquelin Waters,van.mayert@hotmail.com,(274) 236-0442
Garland Upton,chet.johnston@gmail.com,(305) 286-8379
Marvella Reinger,mitchel.kshlerin@gmail.com,(274) 248-3860
Miss Lane Casper,tamisha.donnelly@gmail.com,(983) 430-3554
Rosaura King,belinda.ankunding@gmail.com,(669) 758-4363
Alden Lehner,fanny.cole@gmail.com,(505) 735-9671
Chadwick Kautzer,so.robel@hotmail.com,(220) 499-9201
Tiesha Hudson PhD,camila.mueller@hotmail.com,(505) 466-4295
Pam Murazik,ferdinand.block@gmail.com,(463) 623-5219
Lynwood Goyette,kyoko.koepp@gmail.com,(305) 206-3975
Audie Jakubowski,tyree.mosciski@gmail.com,(458) 735-4824
Jason Dicki,porter.oconnell@hotmail.com,(305) 230-0533
Colene Schneider,tamie.koch@yahoo.com,(505) 643-1769
Ike Effertz I,karisa.turcotte@gmail.com,(251) 975-9812
Gustavo Schuster,jason.borer@yahoo.com,(983) 463-5831
Eliseo Zieme,juliet.ernser@yahoo.com,(830) 759-4076
Antionette Bechtelar,deandre.macgyver@gmail.com,(505) 772-9020
Donnie Ziemann,clara.windler@gmail.com,(305) 201-2299
Dolly Feeney,oralee.simonis@gmail.com,(472) 840-7884
Lon Hammes,burt.goyette@gmail.com,(505) 640-5362
Denver Treutel,rashad.maggio@hotmail.com,(364) 477-1446
Marilyn Wintheiser,cecille.weissnat@hotmail.com,(505) 640-1626
Mona Schiller Sr.,chloe.smitham@yahoo.com,(305) 709-4579
Marx Farrell,adena.jaskolski@gmail.com,(305) 281-5296
Aline Larkin,armand.gibson@yahoo.com,(505) 642-2723
Paris Ankunding,gayle.cruickshank@yahoo.com,(274) 268-5693
Felix Hane,fredericka.white@gmail.com,(274) 202-1661
Malika Kuhic,vanda.muller@yahoo.com,(607) 970-4266
Ricardo Dietrich,camila.jacobs@hotmail.com,(305) 232-6554
Sherrell Carroll,ellsworth.hickle@hotmail.com,(472) 432-0659
Sang Feil,reagan.douglas@gmail.com,(505) 643-4475
Rob Bins DVM,jamey.johns@yahoo.com,(307) 279-1416
Lauryn Welch,clelia.hamill@gmail.com,(274) 257-3995
Ms. Sigrid Kuhic,ella.stamm@hotmail.com,(305) 213-3472
Love Schaden,alberta.keeling@gmail.com,(386) 492-5422
Rosalinda Blick,elwood.bogan@hotmail.com,(505) 643-9153
Janet Dach,juan.upton@gmail.com,(472) 250-7245
Elmer Wintheiser MD,leanna.upton@hotmail.com,(970) 774-8378
Mrs. Emerson Ziemann,denny.dicki@hotmail.com,(305) 205-4206
Blanche Bashirian,leanne.hoppe@yahoo.com,(843) 530-6414
Xiomara Goyette,felisa.dubuque@hotmail.com,(505) 413-0478
Keren Leuschke,omar.emmerich@gmail.com,(360) 880-9691
Mrs. Sidney Hayes,pricilla.torphy@hotmail.com,(305) 842-8321
Summer Armstrong,holley.schuppe@hotmail.com,(503) 354-1779
Marylouise Haley,maryjo.leuschke@hotmail.com,(432) 693-5199
Maria McKenzie,zachariah.bayer@yahoo.com,(804) 678-3949
Heath Pollich IV,deirdre.pollich@yahoo.com,(305) 290-2908
Jeremiah Ferry,lilian.brown@gmail.com,(951) 325-7912
Bennie Schmidt,nathan.oreilly@yahoo.com,(305) 327-6610
Merideth Gaylord,essie.hilpert@gmail.com,(227) 406-7647
Willy Veum,reba.runolfsson@hotmail.com,(472) 281-9953
Melony Goodwin,dillon.stoltenberg@yahoo.com,(305) 716-1984
Wally Lesch,gabriel.larkin@gmail.com,(505) 628-6359
Milda Effertz,josiah.friesen@yahoo.com,(505) 640-2477
Gerry Grant PhD,alysha.thompson@hotmail.com,(505) 636-7681
Yadira Yost Jr.,ciera.cremin@yahoo.com,(505) 915-6310
Mrs. Arnold Howell,royce.cartwright@hotmail.com,(305) 235-5819
Pasquale Schiller,lael.batz@yahoo.com,(949) 325-6220
Barton Orn III,sunday.sipes@gmail.com,(983) 858-5089
Ernesto Hansen,randall.oconnell@gmail.com,(808) 321-3872
Rashida Miller,yuette.flatley@gmail.com,(980) 701-4349
Gabriella Wiegand,willena.schneider@gmail.com,(505) 481-9897
Mrs. Sage Swift,lindsay.kub@hotmail.com,(574) 878-5791
Marvis Collier,roman.marquardt@gmail.com,(505) 584-5298
Myles Boyle III,eddy.mcglynn@yahoo.com,(472) 781-0712
Romelia Cassin,jonas.mayer@yahoo.com,(472) 241-1843
Miss Owen Leffler,erick.damore@yahoo.com,(901) 213-1318
Ligia Mitchell V,myesha.spencer@gmail.com,(505) 686-6765
Anjelica Greenholt,erick.blick@hotmail.com,(541) 819-7804
Jamie Osinski,marquis.brown@yahoo.com,(983) 460-7302
Debroah MacGyver,marty.hill@yahoo.com,(305) 200-9979
Esther Wilderman,genevieve.leffler@hotmail.com,(505) 644-7172
Mr. Odessa Hyatt,pearlie.schulist@hotmail.com,(983) 965-5424
Merrill MacGyver IV,stacy.cole@gmail.com,(505) 605-1088
Catarina Blanda,trinity.auer@hotmail.com,(983) 713-4794
Valene Hudson,kaci.macejkovic@gmail.com,(505) 610-7219
Elza Bahringer MD,phillip.green@hotmail.com,(325) 617-3889
Brendan Mann,gordon.haag@gmail.com,(305) 203-7723
Fallon Olson,lakenya.oreilly@gmail.com,(305) 390-2710
Alvaro Tromp,rebecka.blick@gmail.com,(472) 205-5578
Manuel Hane,gregory.nitzsche@yahoo.com,(305) 202-0947
Hanna Brown,isis.lang@gmail.com,(253) 826-0588
Lizabeth Stehr,jules.okeefe@hotmail.com,(505) 691-3869
Yvone Rodriguez,adaline.jaskolski@yahoo.com,(505) 987-6584
Dr. Patricia Daugherty,alica.padberg@gmail.com,(472) 264-3584
Allen Williamson DDS,elliott.emmerich@yahoo.com,(983) 761-1298
Ms. Dallas Feest,rosenda.reilly@hotmail.com,(505) 687-2794
Aubrey Weber,basil.beatty@hotmail.com,(601) 466-6739
Kellie O'Keefe,ruthie.walsh@yahoo.com,(305) 204-5043
Lakeisha Jacobi,ramonita.quigley@hotmail.com,(274) 208-1656
Mrs. Rodger Pollich,pamella.grimes@gmail.com,(983) 876-4758
Artie Volkman,micheline.parker@gmail.com,(305) 205-9738
Keith Hessel,calvin.goldner@hotmail.com,(678) 795-9951
Mrs. Louann Von,lionel.kutch@gmail.com,(305) 203-3460
Eldora Turner,cedric.shields@gmail.com,(305) 201-1093
Mckinley Stehr,latoya.ferry@gmail.com,(505) 773-5279
Mrs. Dania Keeling,hoyt.reichert@yahoo.com,(505) 646-9802
Ms. Winifred Kris,denver.lueilwitz@yahoo.com,(305) 252-3896
Vicente Becker,sierra.ullrich@yahoo.com,(305) 225-1998
Veta Daugherty III,guadalupe.osinski@yahoo.com,(472) 785-7499
Ms. Martin Spinka,nelson.mertz@hotmail.com,(660) 787-3758
Miss Bradford Rohan,josue.haley@gmail.com,(312) 873-9617
Mr. Cliff Ernser,talia.mayer@yahoo.com,(505) 644-0467
Lyndia Price,roosevelt.walker@yahoo.com,(714) 964-7449
Natalie O'Kon,josef.russel@hotmail.com,(505) 217-3293
Corina Greenfelder,jamey.hodkiewicz@hotmail.com,(505) 610-3203
Pat Stoltenberg,alisia.witting@yahoo.com,(502) 998-3288
Vaughn Kovacek,elmer.kuphal@gmail.com,(425) 610-4829
Setsuko Wilkinson,rayford.kemmer@yahoo.com,(678) 747-6431
Wilton Abshire,jin.grimes@yahoo.com,(305) 766-2699
Benito Ferry,alec.strosin@yahoo.com,(929) 970-6841
Suzie Schaefer,loraine.beier@yahoo.com,(863) 653-6205
Jeromy Stehr,bette.heathcote@hotmail.com,(505) 998-6646
Aubrey Volkman,otha.powlowski@hotmail.com,(640) 921-4524
Marian Kuphal,erick.hudson@gmail.com,(472) 745-4656
Edward Will,tambra.romaguera@hotmail.com,(505) 641-7305
Kirk Green,claudio.schmitt@yahoo.com,(505) 493-5490
Fletcher Fadel,jc.fay@yahoo.com,(983) 848-7374
Christopher Labadie Jr.,danial.borer@gmail.com,(274) 292-9758
Patria Greenfelder,kirby.erdman@yahoo.com,(305) 251-7626
Malcolm Hackett PhD,foster.roob@gmail.com,(559) 306-6480
Natividad Abernathy,dan.nikolaus@gmail.com,(860) 857-4393
Tracie Schmidt,jon.ryan@gmail.com,(757) 936-6915
Yong Schuster,tashia.kuvalis@gmail.com,(983) 286-4494
Nicol Rosenbaum,rutha.schneider@yahoo.com,(305) 205-2705
Elin Herman,jessie.sauer@yahoo.com,(305) 206-4591
Mrs. Gussie Hoeger,carlos.anderson@hotmail.com,(472) 980-9144
Shanita Kassulke,val.brakus@gmail.com,(614) 812-9368
Miss Fernande Ernser,frances.schroeder@gmail.com,(925) 799-0468
Winfred Reichel,alica.bode@hotmail.com,(305) 200-1368
Jeri Barton,gino.abernathy@gmail.com,(305) 255-5962
Barry Howe,tanika.kiehn@hotmail.com,(505) 602-1241
Ian Ziemann,jarred.schneider@hotmail.com,(505) 676-4401
Jonathan Nolan MD,mickie.legros@yahoo.com,(505) 699-6720
Cordelia Kautzer,maynard.moore@hotmail.com,(505) 316-1351
Kevin Harvey,berneice.thompson@gmail.com,(983) 274-2727
Lana Fisher,micheal.mayert@hotmail.com,(305) 201-2786
Gianna Lesch,morton.bartoletti@gmail.com,(505) 607-1515
Mr. Meggan Schaefer,faviola.dickens@hotmail.com,(305) 271-8040
Miss Marcelle Lemke,jae.wisoky@gmail.com,(305) 246-8423
Danial Konopelski,johnny.konopelski@gmail.com,(305) 272-4765
Modesta Smith,thomas.stracke@yahoo.com,(351) 740-0056
Ray Balistreri,myrta.sawayn@gmail.com,(409) 733-3954
Alden Funk,mario.streich@hotmail.com,(274) 225-7514
Herb Dooley,elnora.cummerata@yahoo.com,(447) 941-9869
Wilma Ferry,ramon.emard@hotmail.com,(472) 463-5657
Jerrell Hamill,daren.bednar@yahoo.com,(251) 808-9941
Davina Sanford,ethan.wyman@yahoo.com,(983) 302-0903
Tracey Gleichner,leann.homenick@gmail.com,(505) 614-6466
Mrs. Joesph Roob,oren.tillman@gmail.com,(505) 562-7419
Katharyn Reinger,tori.mcclure@yahoo.com,(910) 683-0393
Scott VonRueden IV,lavenia.okeefe@gmail.com,(505) 530-5713
Yuette Harvey Sr.,gerry.considine@hotmail.com,(472) 205-3067
Frida Kutch DVM,andres.cummings@yahoo.com,(424) 351-6774
Tarra Mertz,jerrica.lesch@hotmail.com,(983) 906-5204
Quinn Harvey DVM,drew.roob@gmail.com,(505) 640-1792
Dusty Schneider,kate.nader@yahoo.com,(865) 387-9182
Almeda Raynor,erinn.durgan@gmail.com,(346) 542-9579
Janet Murazik,lester.steuber@hotmail.com,(505) 646-1877
Giselle Rutherford,sybil.block@hotmail.com,(938) 649-7420
Dr. Neely Kuphal,ayesha.frami@gmail.com,(520) 208-6092
Halina Schamberger,chante.wehner@yahoo.com,(947) 925-2366
Gayla Lockman,leanora.denesik@hotmail.com,(274) 261-6905
Hans Watsica I,alec.ruecker@gmail.com,(305) 226-8055
Julene Jakubowski,sibyl.rau@yahoo.com,(351) 630-0259
Kamilah Ankunding,madelaine.denesik@yahoo.com,(347) 974-7003
Alyse Stamm,bryce.kerluke@yahoo.com,(505) 672-6113
Valda Hane,dee.schowalter@gmail.com,(920) 409-9545
Elmer Hill I,rhonda.bechtelar@yahoo.com,(305) 218-6067
Janel Lind,freddie.daugherty@hotmail.com,(283) 219-3284
Miss Sebrina Bernhard,agnes.connelly@hotmail.com,(505) 643-3061
Cammy Zulauf,alexandra.rice@hotmail.com,(505) 948-3553
Olin Skiles I,nigel.windler@hotmail.com,(305) 215-3826
Ms. Tyson Schimmel,jewel.ebert@gmail.com,(505) 385-1016
Dante Maggio,boyd.murray@hotmail.com,(305) 206-8860
Miss Christoper Walter,leon.leannon@yahoo.com,(983) 359-5828
Cleveland Strosin,laverne.kertzmann@hotmail.com,(274) 259-0177
Katherin Buckridge,jacinto.jacobi@hotmail.com,(305) 222-1768
Rosella Nicolas PhD,andrea.legros@yahoo.com,(763) 463-0138
Ms. Cordie Bartell,viviana.ohara@yahoo.com,(305) 215-1769
Eustolia Lebsack,emiko.zboncak@gmail.com,(351) 565-9827
Kris O'Kon,willie.kassulke@gmail.com,(274) 254-1152
Makeda Senger,ada.oreilly@gmail.com,(983) 337-2024
Royce Emard,bernard.armstrong@hotmail.com,(305) 210-0406
Amado Jakubowski,cyril.kulas@yahoo.com,(505) 345-7643
Ed D'Amore,lynwood.larkin@hotmail.com,(305) 204-1058
Ms. Jonathan Steuber,milton.ledner@yahoo.com,(983) 801-7390
Efren Turner,emilio.greenfelder@yahoo.com,(906) 627-7839
Gabriele Murphy,kevin.schneider@hotmail.com,(305) 203-6184
Mrs. Aleisha Weissnat,fredda.turner@hotmail.com,(472) 232-4826
Winford Orn,alphonse.harvey@yahoo.com,(505) 640-0389
Hong Heidenreich,jamel.marquardt@gmail.com,(983) 974-1088
Mr. Bo Orn,hobert.simonis@hotmail.com,(505) 681-9718
Rosalee Braun,marth.smitham@hotmail.com,(640) 299-5892
Miles Mitchell,kathe.wisoky@gmail.com,(256) 325-6899
Ms. Fernande White,francesco.lemke@yahoo.com,(640) 792-4054
Elliot Doyle,randolph.auer@hotmail.com,(983) 444-9258
Patrick Gulgowski,margret.raynor@hotmail.com,(505) 689-5379
Shalanda Bogan,delmy.wiza@yahoo.com,(305) 206-9117
Rick Barton,sang.grady@hotmail.com,(305) 208-0989
Kristi Hagenes MD,eliseo.wilkinson@gmail.com,(274) 297-9885
Eloisa Wolff,kristeen.bode@yahoo.com,(274) 279-0396
Janae Sawayn,grady.jakubowski@hotmail.com,(808) 380-8320
Mrs. Monty Dicki,bernadine.conroy@gmail.com,(305) 204-2178
Jame McCullough,arlie.blick@gmail.com,(472) 858-2510
Viviana Strosin,dominick.schinner@gmail.com,(201) 402-5750
Mr. Nicole Boyle,filiberto.sawayn@gmail.com,(305) 203-3886
Nick Breitenberg,leslie.barrows@hotmail.com,(472) 778-0910
Miss Marisa Beer,virgen.zboncak@hotmail.com,(305) 652-4577
Mr. Rosario Brekke,ed.schuster@yahoo.com,(305) 682-1350
Bess Brown Jr.,cyril.schamberger@hotmail.com,(305) 649-7875
Miles Mayer PhD,tula.mosciski@gmail.com,(983) 803-1586
Janie O'Hara,alexander.ziemann@yahoo.com,(206) 552-3544
Reda Homenick,jinny.lockman@hotmail.com,(505) 630-0836
Pricilla Mante IV,guadalupe.crona@gmail.com,(305) 221-9792
Ms. Everett Schimmel,mauro.raynor@gmail.com,(505) 640-0088
Ms. Henry O'Keefe,anderson.gleichner@hotmail.com,(274) 206-6431
Rico Roberts IV,dewey.dietrich@gmail.com,(575) 579-9725
Dexter Lebsack,elfriede.walker@hotmail.com,(274) 243-4068
Bo Schulist,bart.sanford@yahoo.com,(505) 653-0166
Ray Sawayn,ernesto.zboncak@hotmail.com,(472) 741-5677
Emmett Cremin,evan.collier@gmail.com,(763) 232-3847
Klara Erdman,elin.raynor@gmail.com,(305) 253-4940
Brock Dickinson,denny.hessel@hotmail.com,(305) 207-3084
Saul McCullough,tanisha.green@gmail.com,(505) 642-5392
Dr. Ismael Medhurst,leonard.casper@hotmail.com,(305) 221-2647
Kelsey Stark,beverly.anderson@hotmail.com,(305) 579-0452
Mrs. Charlene Stanton,shauna.herzog@yahoo.com,(305) 800-5622
Sherrill Dach,alda.wisoky@yahoo.com,(472) 242-4729
