名字,email,電話號碼
Pearlene Thompson I,twanna.heathcote@gmail.com,(505) 925-9302
German Bergstrom,antonio.braun@yahoo.com,(838) 934-3360
Mr. Arturo Daniel,brenda.bogan@gmail.com,(505) 641-5302
Gerald Murazik MD,latisha.adams@gmail.com,(520) 858-1414
Crissy Ernser,isaiah.gorczany@gmail.com,(531) 979-6431
Karl Dibbert,tarra.bartoletti@yahoo.com,(274) 279-9338
Granville Mohr Jr.,claretta.klein@hotmail.com,(274) 296-3289
Todd Lockman,major.lindgren@hotmail.com,(505) 643-5223
Myron Tremblay Jr.,veola.smitham@hotmail.com,(305) 263-1529
Estefana Dare,sidney.ledner@gmail.com,(305) 254-6475
Maynard Grady DDS,weston.ernser@gmail.com,(346) 392-0468
Riley Stehr,mitchell.greenfelder@hotmail.com,(304) 883-1232
Jerrell Mohr,teddy.mcdermott@hotmail.com,(272) 960-9599
Tomika Carroll Sr.,lucio.zulauf@gmail.com,(505) 608-7328
Lanette Kuvalis,coy.okon@gmail.com,(650) 706-2789
Emmett Lemke,ben.dietrich@gmail.com,(305) 675-5116
Gwenn Luettgen DVM,marcelo.doyle@gmail.com,(305) 204-2019
Nevada Stroman,mose.roob@gmail.com,(478) 353-7107
Frances Fahey,omer.carter@yahoo.com,(983) 464-1954
Ira Becker DVM,rey.flatley@yahoo.com,(472) 488-1674
Hester Kuhic,phylis.macgyver@hotmail.com,(505) 641-8032
Milagro Ortiz,lupe.crona@hotmail.com,(313) 482-3173
Quinn Rempel,gregorio.murazik@yahoo.com,(305) 216-9702
Neta Moore,sharika.bashirian@yahoo.com,(505) 609-7879
Ms. Elsie Miller,dinah.davis@hotmail.com,(313) 225-1451
Ms. Jed Parisian,ivana.little@hotmail.com,(936) 763-4426
Yolande Zemlak Sr.,faye.medhurst@hotmail.com,(206) 362-7892
Mirian Blanda,gregory.green@gmail.com,(630) 901-8822
Dr. Lauralee McGlynn,sonia.pouros@gmail.com,(505) 643-8558
Armand Franecki,nella.kessler@yahoo.com,(505) 618-1387
Charis Hane,merrill.johnson@gmail.com,(505) 671-8161
Katelin Lindgren,krystal.anderson@yahoo.com,(586) 622-5645
Oda Oberbrunner V,jared.conn@gmail.com,(734) 757-5950
Cruz Medhurst,elke.wintheiser@yahoo.com,(305) 820-6242
Fidelia Moore,kelsi.schumm@yahoo.com,(983) 925-5264
Coleman Dooley,emilia.mann@yahoo.com,(854) 329-4221
Sally Erdman,salvatore.auer@yahoo.com,(770) 673-4074
Vickie Steuber II,racheal.reichert@hotmail.com,(305) 259-5458
Darcey Runolfsson,adolfo.ruecker@hotmail.com,(235) 891-3343
Monroe Bailey Sr.,gabriel.mante@yahoo.com,(305) 257-8171
Bobby Parker,sung.barton@yahoo.com,(442) 421-5426
Moshe Kohler,rayford.stark@yahoo.com,(828) 649-2006
Marvin Bayer,frances.hoppe@yahoo.com,(305) 217-1789
Russell Emard III,tanya.abernathy@hotmail.com,(330) 872-3052
Ceola Donnelly IV,lizette.lehner@hotmail.com,(274) 264-7793
Tamera Hegmann,miki.ondricka@yahoo.com,(274) 202-7133
Sheldon Schuster,jeromy.lockman@gmail.com,(983) 475-3621
Nola Mills,cody.crooks@hotmail.com,(772) 868-3695
Ed Block,garnett.volkman@gmail.com,(305) 257-5978
Garland Schneider,darin.jakubowski@hotmail.com,(208) 988-9932
Dr. Celeste Boyer,melaine.green@hotmail.com,(305) 270-6559
Karleen Wiegand,sharda.wiegand@hotmail.com,(274) 262-3379
Mel Krajcik,kenton.pacocha@yahoo.com,(305) 281-0340
Latarsha Littel,moses.mills@gmail.com,(845) 270-0552
Miss Sophie Mayert,beryl.brakus@hotmail.com,(512) 406-4799
Nancey Wehner V,natacha.hegmann@gmail.com,(472) 415-0045
Zachary Reynolds,nydia.stroman@yahoo.com,(719) 819-3907
Ettie Koepp,richie.jakubowski@gmail.com,(305) 206-3087
Mr. Kindra Predovic,ambrose.shanahan@yahoo.com,(305) 211-8632
Edra Satterfield,arnette.schumm@hotmail.com,(305) 208-5141
Renaldo Ruecker,lynwood.bode@yahoo.com,(909) 945-9890
Carmine O'Keefe,jules.schmeler@hotmail.com,(505) 657-5371
Marion Wehner PhD,karena.schamberger@hotmail.com,(505) 641-0172
Carlotta Hartmann,eldora.boyle@hotmail.com,(458) 895-0918
Mr. Tona Marks,marshall.lind@hotmail.com,(305) 652-1552
Minta Braun,gil.witting@hotmail.com,(472) 237-9578
Courtney Bahringer,jeannetta.wyman@hotmail.com,(505) 699-4708
Dr. Eula Littel,cheyenne.waters@gmail.com,(305) 207-3689
Kathline Hamill,dudley.schuppe@gmail.com,(505) 641-4264
Warren Emmerich MD,lino.watsica@hotmail.com,(505) 640-1724
Kim Torphy,joni.mclaughlin@hotmail.com,(305) 201-9901
Jose Strosin,akiko.green@yahoo.com,(628) 681-7120
Zachary Fritsch,jamar.schimmel@hotmail.com,(305) 203-7290
Kimi Dietrich,shavonne.goyette@hotmail.com,(472) 201-9292
Jed Bins,shella.paucek@yahoo.com,(505) 642-2260
Dr. Chadwick Kemmer,maurine.terry@yahoo.com,(305) 200-6026
Federico Volkman,dorthea.abernathy@yahoo.com,(757) 246-7421
Luvenia Kerluke DVM,rochelle.kuhn@yahoo.com,(505) 681-6728
Yasuko Jacobs,deena.waelchi@hotmail.com,(678) 236-2463
Miss Delta Dicki,marna.franecki@gmail.com,(305) 206-7738
Queenie Kohler,annabel.bradtke@hotmail.com,(305) 249-5064
Mina Lehner,karima.zieme@hotmail.com,(983) 408-5043
Hae Gutmann,bryon.wiegand@hotmail.com,(305) 208-9984
Louie Hirthe,lamar.oreilly@gmail.com,(805) 427-9415
Vernita Macejkovic Jr.,teresita.johnston@hotmail.com,(983) 750-4916
Shelli Upton,beatris.sanford@hotmail.com,(505) 625-1047
Norberto Legros,francene.heller@yahoo.com,(779) 390-7418
Lee Ullrich,riley.gleason@yahoo.com,(505) 644-3415
Casey Witting,mercedez.connelly@yahoo.com,(505) 642-3719
Fidelia Hoeger,fabian.marquardt@yahoo.com,(329) 607-9507
Dorotha Gerlach,dino.hickle@gmail.com,(805) 226-0915
Jarvis King,willia.botsford@gmail.com,(541) 945-1963
Zachariah Bailey,valentine.johnson@gmail.com,(772) 851-9651
Guy Doyle,mercy.orn@yahoo.com,(856) 623-9318
Sherley Dach,tony.dibbert@hotmail.com,(305) 786-7886
Edwin Carter,porfirio.romaguera@yahoo.com,(804) 216-9936
Marty Quitzon,kathaleen.kohler@hotmail.com,(305) 202-0534
Ms. Kris Shanahan,kevin.fisher@gmail.com,(983) 345-6185
Mrs. Zora Ward,isabelle.treutel@yahoo.com,(505) 456-2823
Evan Koepp,wiley.dubuque@hotmail.com,(274) 256-2505
